Code,Name,API_url,Released,Icon_url,Icon_svg_url
lea,"Limited Edition Alpha",https://scryfall.com/sets/lea,1993-08-05,https://svgs.scryfall.io/sets/lea.svg?1787544000,https://svgs.scryfall.io/sets/lea.svg?1787544000
leb,"Limited Edition Beta",https://scryfall.com/sets/leb,1993-10-04,https://svgs.scryfall.io/sets/leb.svg?1787544000,https://svgs.scryfall.io/sets/leb.svg?1787544000
2ed,"Unlimited Edition",https://scryfall.com/sets/2ed,1993-12-01,https://svgs.scryfall.io/sets/2ed.svg?1787544000,https://svgs.scryfall.io/sets/2ed.svg?1787544000
arn,"Arabian Nights",https://scryfall.com/sets/arn,1993-12-17,https://svgs.scryfall.io/sets/arn.svg?1787544000,https://svgs.scryfall.io/sets/arn.svg?1787544000
atq,Antiquities,https://scryfall.com/sets/atq,1994-03-04,https://svgs.scryfall.io/sets/atq.svg?1787544000,https://svgs.scryfall.io/sets/atq.svg?1787544000
3ed,"Revised Edition",https://scryfall.com/sets/3ed,1994-04-11,https://svgs.scryfall.io/sets/3ed.svg?1787544000,https://svgs.scryfall.io/sets/3ed.svg?1787544000
fbb,"Foreign Black Border",https://scryfall.com/sets/fbb,1994-04-11,https://svgs.scryfall.io/sets/3ed.svg?1787544000,https://svgs.scryfall.io/sets/3ed.svg?1787544000
leg,Legends,https://scryfall.com/sets/leg,1994-06-01,https://svgs.scryfall.io/sets/leg.svg?1787544000,https://svgs.scryfall.io/sets/leg.svg?1787544000
sum,"Summer Magic / Edgar",https://scryfall.com/sets/sum,1994-06-21,https://svgs.scryfall.io/sets/psum.svg?1787544000,https://svgs.scryfall.io/sets/psum.svg?1787544000
drk,"The Dark",https://scryfall.com/sets/drk,1994-08-01,https://svgs.scryfall.io/sets/drk.svg?1787544000,https://svgs.scryfall.io/sets/drk.svg?1787544000
fem,"Fallen Empires",https://scryfall.com/sets/fem,1994-11-01,https://svgs.scryfall.io/sets/fem.svg?1787544000,https://svgs.scryfall.io/sets/fem.svg?1787544000
4bb,"Fourth Edition Foreign Black Border",https://scryfall.com/sets/4bb,1995-04-01,https://svgs.scryfall.io/sets/4ed.svg?1787544000,https://svgs.scryfall.io/sets/4ed.svg?1787544000
4ed,"Fourth Edition",https://scryfall.com/sets/4ed,1995-04-01,https://svgs.scryfall.io/sets/4ed.svg?1787544000,https://svgs.scryfall.io/sets/4ed.svg?1787544000
ice,"Ice Age",https://scryfall.com/sets/ice,1995-06-03,https://svgs.scryfall.io/sets/ice.svg?1787544000,https://svgs.scryfall.io/sets/ice.svg?1787544000
chr,Chronicles,https://scryfall.com/sets/chr,1995-07-01,https://svgs.scryfall.io/sets/chr.svg?1787544000,https://svgs.scryfall.io/sets/chr.svg?1787544000
bchr,"Chronicles Foreign Black Border",https://scryfall.com/sets/bchr,1995-07-01,https://svgs.scryfall.io/sets/chr.svg?1787544000,https://svgs.scryfall.io/sets/chr.svg?1787544000
rin,Rinascimento,https://scryfall.com/sets/rin,1995-08-01,https://svgs.scryfall.io/sets/rin.svg?1787544000,https://svgs.scryfall.io/sets/rin.svg?1787544000
ren,Renaissance,https://scryfall.com/sets/ren,1995-08-01,https://svgs.scryfall.io/sets/ren.svg?1787544000,https://svgs.scryfall.io/sets/ren.svg?1787544000
hml,Homelands,https://scryfall.com/sets/hml,1995-10-01,https://svgs.scryfall.io/sets/hml.svg?1787544000,https://svgs.scryfall.io/sets/hml.svg?1787544000
all,Alliances,https://scryfall.com/sets/all,1996-06-10,https://svgs.scryfall.io/sets/all.svg?1787544000,https://svgs.scryfall.io/sets/all.svg?1787544000
rqs,"Rivals Quick Start Set",https://scryfall.com/sets/rqs,1996-07-01,https://svgs.scryfall.io/sets/default.svg?1787544000,https://svgs.scryfall.io/sets/default.svg?1787544000
mir,Mirage,https://scryfall.com/sets/mir,1996-10-08,https://svgs.scryfall.io/sets/mir.svg?1787544000,https://svgs.scryfall.io/sets/mir.svg?1787544000
mgb,"Multiverse Gift Box",https://scryfall.com/sets/mgb,1996-11-01,https://svgs.scryfall.io/sets/vis.svg?1787544000,https://svgs.scryfall.io/sets/vis.svg?1787544000
itp,"Introductory Two-Player Set",https://scryfall.com/sets/itp,1996-12-31,https://svgs.scryfall.io/sets/x2ps.svg?1787544000,https://svgs.scryfall.io/sets/x2ps.svg?1787544000
vis,Visions,https://scryfall.com/sets/vis,1997-02-03,https://svgs.scryfall.io/sets/vis.svg?1787544000,https://svgs.scryfall.io/sets/vis.svg?1787544000
5ed,"Fifth Edition",https://scryfall.com/sets/5ed,1997-03-24,https://svgs.scryfall.io/sets/5ed.svg?1787544000,https://svgs.scryfall.io/sets/5ed.svg?1787544000
past,"Astral Cards",https://scryfall.com/sets/past,1997-04-01,https://svgs.scryfall.io/sets/past.svg?1787544000,https://svgs.scryfall.io/sets/past.svg?1787544000
por,Portal,https://scryfall.com/sets/por,1997-05-01,https://svgs.scryfall.io/sets/por.svg?1787544000,https://svgs.scryfall.io/sets/por.svg?1787544000
pvan,"Vanguard Series",https://scryfall.com/sets/pvan,1997-05-01,https://svgs.scryfall.io/sets/van.svg?1787544000,https://svgs.scryfall.io/sets/van.svg?1787544000
wth,Weatherlight,https://scryfall.com/sets/wth,1997-06-09,https://svgs.scryfall.io/sets/wth.svg?1787544000,https://svgs.scryfall.io/sets/wth.svg?1787544000
tmp,Tempest,https://scryfall.com/sets/tmp,1997-10-14,https://svgs.scryfall.io/sets/tmp.svg?1787544000,https://svgs.scryfall.io/sets/tmp.svg?1787544000
sth,Stronghold,https://scryfall.com/sets/sth,1998-03-02,https://svgs.scryfall.io/sets/sth.svg?1787544000,https://svgs.scryfall.io/sets/sth.svg?1787544000
exo,Exodus,https://scryfall.com/sets/exo,1998-06-15,https://svgs.scryfall.io/sets/exo.svg?1787544000,https://svgs.scryfall.io/sets/exo.svg?1787544000
p02,"Portal Second Age",https://scryfall.com/sets/p02,1998-06-24,https://svgs.scryfall.io/sets/p02.svg?1787544000,https://svgs.scryfall.io/sets/p02.svg?1787544000
usg,"Urza's Saga",https://scryfall.com/sets/usg,1998-10-12,https://svgs.scryfall.io/sets/usg.svg?1787544000,https://svgs.scryfall.io/sets/usg.svg?1787544000
ath,Anthologies,https://scryfall.com/sets/ath,1998-11-01,https://svgs.scryfall.io/sets/ath.svg?1787544000,https://svgs.scryfall.io/sets/ath.svg?1787544000
ulg,"Urza's Legacy",https://scryfall.com/sets/ulg,1999-02-15,https://svgs.scryfall.io/sets/ulg.svg?1787544000,https://svgs.scryfall.io/sets/ulg.svg?1787544000
6ed,"Classic Sixth Edition",https://scryfall.com/sets/6ed,1999-04-21,https://svgs.scryfall.io/sets/6ed.svg?1787544000,https://svgs.scryfall.io/sets/6ed.svg?1787544000
ptk,"Portal Three Kingdoms",https://scryfall.com/sets/ptk,1999-05-01,https://svgs.scryfall.io/sets/ptk.svg?1787544000,https://svgs.scryfall.io/sets/ptk.svg?1787544000
uds,"Urza's Destiny",https://scryfall.com/sets/uds,1999-06-07,https://svgs.scryfall.io/sets/uds.svg?1787544000,https://svgs.scryfall.io/sets/uds.svg?1787544000
s99,"Starter 1999",https://scryfall.com/sets/s99,1999-07-01,https://svgs.scryfall.io/sets/s99.svg?1787544000,https://svgs.scryfall.io/sets/s99.svg?1787544000
mmq,"Mercadian Masques",https://scryfall.com/sets/mmq,1999-10-04,https://svgs.scryfall.io/sets/mmq.svg?1787544000,https://svgs.scryfall.io/sets/mmq.svg?1787544000
brb,"Battle Royale Box Set",https://scryfall.com/sets/brb,1999-11-12,https://svgs.scryfall.io/sets/brb.svg?1787544000,https://svgs.scryfall.io/sets/brb.svg?1787544000
nem,Nemesis,https://scryfall.com/sets/nem,2000-02-14,https://svgs.scryfall.io/sets/nem.svg?1787544000,https://svgs.scryfall.io/sets/nem.svg?1787544000
s00,"Starter 2000",https://scryfall.com/sets/s00,2000-04-01,https://svgs.scryfall.io/sets/s00.svg?1787544000,https://svgs.scryfall.io/sets/s00.svg?1787544000
pcy,Prophecy,https://scryfall.com/sets/pcy,2000-06-05,https://svgs.scryfall.io/sets/pcy.svg?1787544000,https://svgs.scryfall.io/sets/pcy.svg?1787544000
btd,"Beatdown Box Set",https://scryfall.com/sets/btd,2000-10-01,https://svgs.scryfall.io/sets/btd.svg?1787544000,https://svgs.scryfall.io/sets/btd.svg?1787544000
inv,Invasion,https://scryfall.com/sets/inv,2000-10-02,https://svgs.scryfall.io/sets/inv.svg?1787544000,https://svgs.scryfall.io/sets/inv.svg?1787544000
pls,Planeshift,https://scryfall.com/sets/pls,2001-02-05,https://svgs.scryfall.io/sets/pls.svg?1787544000,https://svgs.scryfall.io/sets/pls.svg?1787544000
7ed,"Seventh Edition",https://scryfall.com/sets/7ed,2001-04-11,https://svgs.scryfall.io/sets/7ed.svg?1787544000,https://svgs.scryfall.io/sets/7ed.svg?1787544000
apc,Apocalypse,https://scryfall.com/sets/apc,2001-06-04,https://svgs.scryfall.io/sets/apc.svg?1787544000,https://svgs.scryfall.io/sets/apc.svg?1787544000
psdg,"Sega Dreamcast Cards",https://scryfall.com/sets/psdg,2001-06-28,https://svgs.scryfall.io/sets/psdg.svg?1787544000,https://svgs.scryfall.io/sets/psdg.svg?1787544000
ody,Odyssey,https://scryfall.com/sets/ody,2001-10-01,https://svgs.scryfall.io/sets/ody.svg?1787544000,https://svgs.scryfall.io/sets/ody.svg?1787544000
dkm,Deckmasters,https://scryfall.com/sets/dkm,2001-12-01,https://svgs.scryfall.io/sets/dkm.svg?1787544000,https://svgs.scryfall.io/sets/dkm.svg?1787544000
tor,Torment,https://scryfall.com/sets/tor,2002-02-04,https://svgs.scryfall.io/sets/tor.svg?1787544000,https://svgs.scryfall.io/sets/tor.svg?1787544000
jud,Judgment,https://scryfall.com/sets/jud,2002-05-27,https://svgs.scryfall.io/sets/jud.svg?1787544000,https://svgs.scryfall.io/sets/jud.svg?1787544000
ons,Onslaught,https://scryfall.com/sets/ons,2002-10-07,https://svgs.scryfall.io/sets/ons.svg?1787544000,https://svgs.scryfall.io/sets/ons.svg?1787544000
pmoa,"Magic Online Avatars",https://scryfall.com/sets/pmoa,2003-01-01,https://svgs.scryfall.io/sets/mtgo.svg?1787544000,https://svgs.scryfall.io/sets/mtgo.svg?1787544000
lgn,Legions,https://scryfall.com/sets/lgn,2003-02-03,https://svgs.scryfall.io/sets/lgn.svg?1787544000,https://svgs.scryfall.io/sets/lgn.svg?1787544000
scg,Scourge,https://scryfall.com/sets/scg,2003-05-26,https://svgs.scryfall.io/sets/scg.svg?1787544000,https://svgs.scryfall.io/sets/scg.svg?1787544000
8ed,"Eighth Edition",https://scryfall.com/sets/8ed,2003-07-28,https://svgs.scryfall.io/sets/8ed.svg?1787544000,https://svgs.scryfall.io/sets/8ed.svg?1787544000
mrd,Mirrodin,https://scryfall.com/sets/mrd,2003-10-02,https://svgs.scryfall.io/sets/mrd.svg?1787544000,https://svgs.scryfall.io/sets/mrd.svg?1787544000
dst,Darksteel,https://scryfall.com/sets/dst,2004-02-06,https://svgs.scryfall.io/sets/dst.svg?1787544000,https://svgs.scryfall.io/sets/dst.svg?1787544000
5dn,"Fifth Dawn",https://scryfall.com/sets/5dn,2004-06-04,https://svgs.scryfall.io/sets/5dn.svg?1787544000,https://svgs.scryfall.io/sets/5dn.svg?1787544000
chk,"Champions of Kamigawa",https://scryfall.com/sets/chk,2004-10-01,https://svgs.scryfall.io/sets/chk.svg?1787544000,https://svgs.scryfall.io/sets/chk.svg?1787544000
bok,"Betrayers of Kamigawa",https://scryfall.com/sets/bok,2005-02-04,https://svgs.scryfall.io/sets/bok.svg?1787544000,https://svgs.scryfall.io/sets/bok.svg?1787544000
sok,"Saviors of Kamigawa",https://scryfall.com/sets/sok,2005-06-03,https://svgs.scryfall.io/sets/sok.svg?1787544000,https://svgs.scryfall.io/sets/sok.svg?1787544000
9ed,"Ninth Edition",https://scryfall.com/sets/9ed,2005-07-29,https://svgs.scryfall.io/sets/9ed.svg?1787544000,https://svgs.scryfall.io/sets/9ed.svg?1787544000
psal,"Salvat 2005",https://scryfall.com/sets/psal,2005-08-22,https://svgs.scryfall.io/sets/phuk.svg?1787544000,https://svgs.scryfall.io/sets/phuk.svg?1787544000
rav,"Ravnica: City of Guilds",https://scryfall.com/sets/rav,2005-10-07,https://svgs.scryfall.io/sets/rav.svg?1787544000,https://svgs.scryfall.io/sets/rav.svg?1787544000
phuk,"Hachette UK",https://scryfall.com/sets/phuk,2006-01-01,https://svgs.scryfall.io/sets/phuk.svg?1787544000,https://svgs.scryfall.io/sets/phuk.svg?1787544000
gpt,Guildpact,https://scryfall.com/sets/gpt,2006-02-03,https://svgs.scryfall.io/sets/gpt.svg?1787544000,https://svgs.scryfall.io/sets/gpt.svg?1787544000
dis,Dissension,https://scryfall.com/sets/dis,2006-05-05,https://svgs.scryfall.io/sets/dis.svg?1787544000,https://svgs.scryfall.io/sets/dis.svg?1787544000
csp,Coldsnap,https://scryfall.com/sets/csp,2006-07-21,https://svgs.scryfall.io/sets/csp.svg?1787544000,https://svgs.scryfall.io/sets/csp.svg?1787544000
cst,"Coldsnap Theme Decks",https://scryfall.com/sets/cst,2006-07-21,https://svgs.scryfall.io/sets/csp.svg?1787544000,https://svgs.scryfall.io/sets/csp.svg?1787544000
tsp,"Time Spiral",https://scryfall.com/sets/tsp,2006-10-06,https://svgs.scryfall.io/sets/tsp.svg?1787544000,https://svgs.scryfall.io/sets/tsp.svg?1787544000
tsb,"Time Spiral Timeshifted",https://scryfall.com/sets/tsb,2006-10-06,https://svgs.scryfall.io/sets/tsp.svg?1787544000,https://svgs.scryfall.io/sets/tsp.svg?1787544000
plc,"Planar Chaos",https://scryfall.com/sets/plc,2007-02-02,https://svgs.scryfall.io/sets/plc.svg?1787544000,https://svgs.scryfall.io/sets/plc.svg?1787544000
fut,"Future Sight",https://scryfall.com/sets/fut,2007-05-04,https://svgs.scryfall.io/sets/fut.svg?1787544000,https://svgs.scryfall.io/sets/fut.svg?1787544000
10e,"Tenth Edition",https://scryfall.com/sets/10e,2007-07-13,https://svgs.scryfall.io/sets/10e.svg?1787544000,https://svgs.scryfall.io/sets/10e.svg?1787544000
me1,"Masters Edition",https://scryfall.com/sets/me1,2007-09-10,https://svgs.scryfall.io/sets/me1.svg?1787544000,https://svgs.scryfall.io/sets/me1.svg?1787544000
lrw,Lorwyn,https://scryfall.com/sets/lrw,2007-10-12,https://svgs.scryfall.io/sets/lrw.svg?1787544000,https://svgs.scryfall.io/sets/lrw.svg?1787544000
dd1,"Duel Decks: Elves vs. Goblins",https://scryfall.com/sets/dd1,2007-11-16,https://svgs.scryfall.io/sets/dd1.svg?1787544000,https://svgs.scryfall.io/sets/dd1.svg?1787544000
mor,Morningtide,https://scryfall.com/sets/mor,2008-02-01,https://svgs.scryfall.io/sets/mor.svg?1787544000,https://svgs.scryfall.io/sets/mor.svg?1787544000
shm,Shadowmoor,https://scryfall.com/sets/shm,2008-05-02,https://svgs.scryfall.io/sets/shm.svg?1787544000,https://svgs.scryfall.io/sets/shm.svg?1787544000
eve,Eventide,https://scryfall.com/sets/eve,2008-07-25,https://svgs.scryfall.io/sets/eve.svg?1787544000,https://svgs.scryfall.io/sets/eve.svg?1787544000
drb,"From the Vault: Dragons",https://scryfall.com/sets/drb,2008-08-29,https://svgs.scryfall.io/sets/drb.svg?1787544000,https://svgs.scryfall.io/sets/drb.svg?1787544000
me2,"Masters Edition II",https://scryfall.com/sets/me2,2008-09-22,https://svgs.scryfall.io/sets/me2.svg?1787544000,https://svgs.scryfall.io/sets/me2.svg?1787544000
ala,"Shards of Alara",https://scryfall.com/sets/ala,2008-10-03,https://svgs.scryfall.io/sets/ala.svg?1787544000,https://svgs.scryfall.io/sets/ala.svg?1787544000
dd2,"Duel Decks: Jace vs. Chandra",https://scryfall.com/sets/dd2,2008-11-07,https://svgs.scryfall.io/sets/dd2.svg?1787544000,https://svgs.scryfall.io/sets/dd2.svg?1787544000
con,Conflux,https://scryfall.com/sets/con,2009-02-06,https://svgs.scryfall.io/sets/con.svg?1787544000,https://svgs.scryfall.io/sets/con.svg?1787544000
ddc,"Duel Decks: Divine vs. Demonic",https://scryfall.com/sets/ddc,2009-04-10,https://svgs.scryfall.io/sets/ddc.svg?1787544000,https://svgs.scryfall.io/sets/ddc.svg?1787544000
arb,"Alara Reborn",https://scryfall.com/sets/arb,2009-04-30,https://svgs.scryfall.io/sets/arb.svg?1787544000,https://svgs.scryfall.io/sets/arb.svg?1787544000
m10,"Magic 2010",https://scryfall.com/sets/m10,2009-07-17,https://svgs.scryfall.io/sets/m10.svg?1787544000,https://svgs.scryfall.io/sets/m10.svg?1787544000
v09,"From the Vault: Exiled",https://scryfall.com/sets/v09,2009-08-28,https://svgs.scryfall.io/sets/v09.svg?1787544000,https://svgs.scryfall.io/sets/v09.svg?1787544000
ohop,"Planechase Planes",https://scryfall.com/sets/ohop,2009-09-04,https://svgs.scryfall.io/sets/hop.svg?1787544000,https://svgs.scryfall.io/sets/hop.svg?1787544000
hop,Planechase,https://scryfall.com/sets/hop,2009-09-04,https://svgs.scryfall.io/sets/hop.svg?1787544000,https://svgs.scryfall.io/sets/hop.svg?1787544000
me3,"Masters Edition III",https://scryfall.com/sets/me3,2009-09-07,https://svgs.scryfall.io/sets/me3.svg?1787544000,https://svgs.scryfall.io/sets/me3.svg?1787544000
zen,Zendikar,https://scryfall.com/sets/zen,2009-10-02,https://svgs.scryfall.io/sets/zen.svg?1787544000,https://svgs.scryfall.io/sets/zen.svg?1787544000
ddd,"Duel Decks: Garruk vs. Liliana",https://scryfall.com/sets/ddd,2009-10-30,https://svgs.scryfall.io/sets/ddd.svg?1787544000,https://svgs.scryfall.io/sets/ddd.svg?1787544000
h09,"Premium Deck Series: Slivers",https://scryfall.com/sets/h09,2009-11-20,https://svgs.scryfall.io/sets/h09.svg?1787544000,https://svgs.scryfall.io/sets/h09.svg?1787544000
wwk,Worldwake,https://scryfall.com/sets/wwk,2010-02-05,https://svgs.scryfall.io/sets/wwk.svg?1787544000,https://svgs.scryfall.io/sets/wwk.svg?1787544000
dde,"Duel Decks: Phyrexia vs. the Coalition",https://scryfall.com/sets/dde,2010-03-19,https://svgs.scryfall.io/sets/dde.svg?1787544000,https://svgs.scryfall.io/sets/dde.svg?1787544000
roe,"Rise of the Eldrazi",https://scryfall.com/sets/roe,2010-04-23,https://svgs.scryfall.io/sets/roe.svg?1787544000,https://svgs.scryfall.io/sets/roe.svg?1787544000
dpa,"Duels of the Planeswalkers",https://scryfall.com/sets/dpa,2010-06-04,https://svgs.scryfall.io/sets/dpa.svg?1787544000,https://svgs.scryfall.io/sets/dpa.svg?1787544000
oarc,"Archenemy Schemes",https://scryfall.com/sets/oarc,2010-06-18,https://svgs.scryfall.io/sets/arc.svg?1787544000,https://svgs.scryfall.io/sets/arc.svg?1787544000
arc,Archenemy,https://scryfall.com/sets/arc,2010-06-18,https://svgs.scryfall.io/sets/arc.svg?1787544000,https://svgs.scryfall.io/sets/arc.svg?1787544000
m11,"Magic 2011",https://scryfall.com/sets/m11,2010-07-16,https://svgs.scryfall.io/sets/m11.svg?1787544000,https://svgs.scryfall.io/sets/m11.svg?1787544000
v10,"From the Vault: Relics",https://scryfall.com/sets/v10,2010-08-27,https://svgs.scryfall.io/sets/v10.svg?1787544000,https://svgs.scryfall.io/sets/v10.svg?1787544000
ddf,"Duel Decks: Elspeth vs. Tezzeret",https://scryfall.com/sets/ddf,2010-09-03,https://svgs.scryfall.io/sets/ddf.svg?1787544000,https://svgs.scryfall.io/sets/ddf.svg?1787544000
som,"Scars of Mirrodin",https://scryfall.com/sets/som,2010-10-01,https://svgs.scryfall.io/sets/som.svg?1787544000,https://svgs.scryfall.io/sets/som.svg?1787544000
td0,"Magic Online Theme Decks",https://scryfall.com/sets/td0,2010-11-08,https://svgs.scryfall.io/sets/td0.svg?1787544000,https://svgs.scryfall.io/sets/td0.svg?1787544000
pd2,"Premium Deck Series: Fire and Lightning",https://scryfall.com/sets/pd2,2010-11-19,https://svgs.scryfall.io/sets/pd2.svg?1787544000,https://svgs.scryfall.io/sets/pd2.svg?1787544000
ps11,"Salvat 2011",https://scryfall.com/sets/ps11,2011-01-01,https://svgs.scryfall.io/sets/psal.svg?1787544000,https://svgs.scryfall.io/sets/psal.svg?1787544000
me4,"Masters Edition IV",https://scryfall.com/sets/me4,2011-01-10,https://svgs.scryfall.io/sets/me4.svg?1787544000,https://svgs.scryfall.io/sets/me4.svg?1787544000
mbs,"Mirrodin Besieged",https://scryfall.com/sets/mbs,2011-02-04,https://svgs.scryfall.io/sets/mbs.svg?1787544000,https://svgs.scryfall.io/sets/mbs.svg?1787544000
ddg,"Duel Decks: Knights vs. Dragons",https://scryfall.com/sets/ddg,2011-04-01,https://svgs.scryfall.io/sets/ddg.svg?1787544000,https://svgs.scryfall.io/sets/ddg.svg?1787544000
nph,"New Phyrexia",https://scryfall.com/sets/nph,2011-05-13,https://svgs.scryfall.io/sets/nph.svg?1787544000,https://svgs.scryfall.io/sets/nph.svg?1787544000
td2,"Duel Decks: Mirrodin Pure vs. New Phyrexia",https://scryfall.com/sets/td2,2011-05-14,https://svgs.scryfall.io/sets/td2.svg?1787544000,https://svgs.scryfall.io/sets/td2.svg?1787544000
cmd,"Commander 2011",https://scryfall.com/sets/cmd,2011-06-17,https://svgs.scryfall.io/sets/cmd.svg?1787544000,https://svgs.scryfall.io/sets/cmd.svg?1787544000
m12,"Magic 2012",https://scryfall.com/sets/m12,2011-07-15,https://svgs.scryfall.io/sets/m12.svg?1787544000,https://svgs.scryfall.io/sets/m12.svg?1787544000
v11,"From the Vault: Legends",https://scryfall.com/sets/v11,2011-08-26,https://svgs.scryfall.io/sets/v11.svg?1787544000,https://svgs.scryfall.io/sets/v11.svg?1787544000
ddh,"Duel Decks: Ajani vs. Nicol Bolas",https://scryfall.com/sets/ddh,2011-09-02,https://svgs.scryfall.io/sets/ddh.svg?1787544000,https://svgs.scryfall.io/sets/ddh.svg?1787544000
isd,Innistrad,https://scryfall.com/sets/isd,2011-09-30,https://svgs.scryfall.io/sets/isd.svg?1787544000,https://svgs.scryfall.io/sets/isd.svg?1787544000
pd3,"Premium Deck Series: Graveborn",https://scryfall.com/sets/pd3,2011-11-18,https://svgs.scryfall.io/sets/pd3.svg?1787544000,https://svgs.scryfall.io/sets/pd3.svg?1787544000
dka,"Dark Ascension",https://scryfall.com/sets/dka,2012-02-03,https://svgs.scryfall.io/sets/dka.svg?1787544000,https://svgs.scryfall.io/sets/dka.svg?1787544000
ddi,"Duel Decks: Venser vs. Koth",https://scryfall.com/sets/ddi,2012-03-30,https://svgs.scryfall.io/sets/ddi.svg?1787544000,https://svgs.scryfall.io/sets/ddi.svg?1787544000
avr,"Avacyn Restored",https://scryfall.com/sets/avr,2012-05-04,https://svgs.scryfall.io/sets/avr.svg?1787544000,https://svgs.scryfall.io/sets/avr.svg?1787544000
opc2,"Planechase 2012 Planes",https://scryfall.com/sets/opc2,2012-06-01,https://svgs.scryfall.io/sets/pc2.svg?1787544000,https://svgs.scryfall.io/sets/pc2.svg?1787544000
pc2,"Planechase 2012",https://scryfall.com/sets/pc2,2012-06-01,https://svgs.scryfall.io/sets/pc2.svg?1787544000,https://svgs.scryfall.io/sets/pc2.svg?1787544000
m13,"Magic 2013",https://scryfall.com/sets/m13,2012-07-13,https://svgs.scryfall.io/sets/m13.svg?1787544000,https://svgs.scryfall.io/sets/m13.svg?1787544000
v12,"From the Vault: Realms",https://scryfall.com/sets/v12,2012-08-31,https://svgs.scryfall.io/sets/v12.svg?1787544000,https://svgs.scryfall.io/sets/v12.svg?1787544000
ddj,"Duel Decks: Izzet vs. Golgari",https://scryfall.com/sets/ddj,2012-09-07,https://svgs.scryfall.io/sets/ddj.svg?1787544000,https://svgs.scryfall.io/sets/ddj.svg?1787544000
rtr,"Return to Ravnica",https://scryfall.com/sets/rtr,2012-10-05,https://svgs.scryfall.io/sets/rtr.svg?1787544000,https://svgs.scryfall.io/sets/rtr.svg?1787544000
cm1,"Commander's Arsenal",https://scryfall.com/sets/cm1,2012-11-02,https://svgs.scryfall.io/sets/cm1.svg?1787544000,https://svgs.scryfall.io/sets/cm1.svg?1787544000
gtc,Gatecrash,https://scryfall.com/sets/gtc,2013-02-01,https://svgs.scryfall.io/sets/gtc.svg?1787544000,https://svgs.scryfall.io/sets/gtc.svg?1787544000
ddk,"Duel Decks: Sorin vs. Tibalt",https://scryfall.com/sets/ddk,2013-03-15,https://svgs.scryfall.io/sets/ddk.svg?1787544000,https://svgs.scryfall.io/sets/ddk.svg?1787544000
dgm,"Dragon's Maze",https://scryfall.com/sets/dgm,2013-05-03,https://svgs.scryfall.io/sets/dgm.svg?1787544000,https://svgs.scryfall.io/sets/dgm.svg?1787544000
mma,"Modern Masters",https://scryfall.com/sets/mma,2013-06-07,https://svgs.scryfall.io/sets/mma.svg?1787544000,https://svgs.scryfall.io/sets/mma.svg?1787544000
m14,"Magic 2014",https://scryfall.com/sets/m14,2013-07-19,https://svgs.scryfall.io/sets/m14.svg?1787544000,https://svgs.scryfall.io/sets/m14.svg?1787544000
v13,"From the Vault: Twenty",https://scryfall.com/sets/v13,2013-08-23,https://svgs.scryfall.io/sets/v13.svg?1787544000,https://svgs.scryfall.io/sets/v13.svg?1787544000
ddl,"Duel Decks: Heroes vs. Monsters",https://scryfall.com/sets/ddl,2013-09-06,https://svgs.scryfall.io/sets/ddl.svg?1787544000,https://svgs.scryfall.io/sets/ddl.svg?1787544000
ths,Theros,https://scryfall.com/sets/ths,2013-09-27,https://svgs.scryfall.io/sets/ths.svg?1787544000,https://svgs.scryfall.io/sets/ths.svg?1787544000
c13,"Commander 2013",https://scryfall.com/sets/c13,2013-11-01,https://svgs.scryfall.io/sets/c13.svg?1787544000,https://svgs.scryfall.io/sets/c13.svg?1787544000
bng,"Born of the Gods",https://scryfall.com/sets/bng,2014-02-07,https://svgs.scryfall.io/sets/bng.svg?1787544000,https://svgs.scryfall.io/sets/bng.svg?1787544000
ddm,"Duel Decks: Jace vs. Vraska",https://scryfall.com/sets/ddm,2014-03-14,https://svgs.scryfall.io/sets/ddm.svg?1787544000,https://svgs.scryfall.io/sets/ddm.svg?1787544000
jou,"Journey into Nyx",https://scryfall.com/sets/jou,2014-05-02,https://svgs.scryfall.io/sets/jou.svg?1787544000,https://svgs.scryfall.io/sets/jou.svg?1787544000
md1,"Modern Event Deck 2014",https://scryfall.com/sets/md1,2014-05-30,https://svgs.scryfall.io/sets/md1.svg?1787544000,https://svgs.scryfall.io/sets/md1.svg?1787544000
cns,Conspiracy,https://scryfall.com/sets/cns,2014-06-06,https://svgs.scryfall.io/sets/cns.svg?1787544000,https://svgs.scryfall.io/sets/cns.svg?1787544000
vma,"Vintage Masters",https://scryfall.com/sets/vma,2014-06-16,https://svgs.scryfall.io/sets/vma.svg?1787544000,https://svgs.scryfall.io/sets/vma.svg?1787544000
m15,"Magic 2015",https://scryfall.com/sets/m15,2014-07-18,https://svgs.scryfall.io/sets/m15.svg?1787544000,https://svgs.scryfall.io/sets/m15.svg?1787544000
cp1,"Magic 2015 Clash Pack",https://scryfall.com/sets/cp1,2014-07-18,https://svgs.scryfall.io/sets/star.svg?1787544000,https://svgs.scryfall.io/sets/star.svg?1787544000
v14,"From the Vault: Annihilation",https://scryfall.com/sets/v14,2014-08-22,https://svgs.scryfall.io/sets/v14.svg?1787544000,https://svgs.scryfall.io/sets/v14.svg?1787544000
ddn,"Duel Decks: Speed vs. Cunning",https://scryfall.com/sets/ddn,2014-09-05,https://svgs.scryfall.io/sets/ddn.svg?1787544000,https://svgs.scryfall.io/sets/ddn.svg?1787544000
ktk,"Khans of Tarkir",https://scryfall.com/sets/ktk,2014-09-26,https://svgs.scryfall.io/sets/ktk.svg?1787544000,https://svgs.scryfall.io/sets/ktk.svg?1787544000
c14,"Commander 2014",https://scryfall.com/sets/c14,2014-11-07,https://svgs.scryfall.io/sets/c14.svg?1787544000,https://svgs.scryfall.io/sets/c14.svg?1787544000
evg,"Duel Decks Anthology: Elves vs. Goblins",https://scryfall.com/sets/evg,2014-12-05,https://svgs.scryfall.io/sets/dd1.svg?1787544000,https://svgs.scryfall.io/sets/dd1.svg?1787544000
dvd,"Duel Decks Anthology: Divine vs. Demonic",https://scryfall.com/sets/dvd,2014-12-05,https://svgs.scryfall.io/sets/ddc.svg?1787544000,https://svgs.scryfall.io/sets/ddc.svg?1787544000
gvl,"Duel Decks Anthology: Garruk vs. Liliana",https://scryfall.com/sets/gvl,2014-12-05,https://svgs.scryfall.io/sets/ddd.svg?1787544000,https://svgs.scryfall.io/sets/ddd.svg?1787544000
jvc,"Duel Decks Anthology: Jace vs. Chandra",https://scryfall.com/sets/jvc,2014-12-05,https://svgs.scryfall.io/sets/dd2.svg?1787544000,https://svgs.scryfall.io/sets/dd2.svg?1787544000
cp2,"Fate Reforged Clash Pack",https://scryfall.com/sets/cp2,2015-01-23,https://svgs.scryfall.io/sets/star.svg?1787544000,https://svgs.scryfall.io/sets/star.svg?1787544000
frf,"Fate Reforged",https://scryfall.com/sets/frf,2015-01-23,https://svgs.scryfall.io/sets/frf.svg?1787544000,https://svgs.scryfall.io/sets/frf.svg?1787544000
ddo,"Duel Decks: Elspeth vs. Kiora",https://scryfall.com/sets/ddo,2015-02-27,https://svgs.scryfall.io/sets/ddo.svg?1787544000,https://svgs.scryfall.io/sets/ddo.svg?1787544000
dtk,"Dragons of Tarkir",https://scryfall.com/sets/dtk,2015-03-27,https://svgs.scryfall.io/sets/dtk.svg?1787544000,https://svgs.scryfall.io/sets/dtk.svg?1787544000
tpr,"Tempest Remastered",https://scryfall.com/sets/tpr,2015-05-06,https://svgs.scryfall.io/sets/tpr.svg?1787544000,https://svgs.scryfall.io/sets/tpr.svg?1787544000
mm2,"Modern Masters 2015",https://scryfall.com/sets/mm2,2015-05-22,https://svgs.scryfall.io/sets/mm2.svg?1787544000,https://svgs.scryfall.io/sets/mm2.svg?1787544000
cp3,"Magic Origins Clash Pack",https://scryfall.com/sets/cp3,2015-07-17,https://svgs.scryfall.io/sets/star.svg?1787544000,https://svgs.scryfall.io/sets/star.svg?1787544000
ori,"Magic Origins",https://scryfall.com/sets/ori,2015-07-17,https://svgs.scryfall.io/sets/ori.svg?1787544000,https://svgs.scryfall.io/sets/ori.svg?1787544000
v15,"From the Vault: Angels",https://scryfall.com/sets/v15,2015-08-21,https://svgs.scryfall.io/sets/v15.svg?1787544000,https://svgs.scryfall.io/sets/v15.svg?1787544000
ddp,"Duel Decks: Zendikar vs. Eldrazi",https://scryfall.com/sets/ddp,2015-08-28,https://svgs.scryfall.io/sets/ddp.svg?1787544000,https://svgs.scryfall.io/sets/ddp.svg?1787544000
bfz,"Battle for Zendikar",https://scryfall.com/sets/bfz,2015-10-02,https://svgs.scryfall.io/sets/bfz.svg?1787544000,https://svgs.scryfall.io/sets/bfz.svg?1787544000
c15,"Commander 2015",https://scryfall.com/sets/c15,2015-11-13,https://svgs.scryfall.io/sets/c15.svg?1787544000,https://svgs.scryfall.io/sets/c15.svg?1787544000
pz1,"Legendary Cube Prize Pack",https://scryfall.com/sets/pz1,2015-11-18,https://svgs.scryfall.io/sets/pz1.svg?1787544000,https://svgs.scryfall.io/sets/pz1.svg?1787544000
ogw,"Oath of the Gatewatch",https://scryfall.com/sets/ogw,2016-01-22,https://svgs.scryfall.io/sets/ogw.svg?1787544000,https://svgs.scryfall.io/sets/ogw.svg?1787544000
ddq,"Duel Decks: Blessed vs. Cursed",https://scryfall.com/sets/ddq,2016-02-26,https://svgs.scryfall.io/sets/ddq.svg?1787544000,https://svgs.scryfall.io/sets/ddq.svg?1787544000
w16,"Welcome Deck 2016",https://scryfall.com/sets/w16,2016-04-08,https://svgs.scryfall.io/sets/w16.svg?1787544000,https://svgs.scryfall.io/sets/w16.svg?1787544000
soi,"Shadows over Innistrad",https://scryfall.com/sets/soi,2016-04-08,https://svgs.scryfall.io/sets/soi.svg?1787544000,https://svgs.scryfall.io/sets/soi.svg?1787544000
ema,"Eternal Masters",https://scryfall.com/sets/ema,2016-06-10,https://svgs.scryfall.io/sets/ema.svg?1787544000,https://svgs.scryfall.io/sets/ema.svg?1787544000
emn,"Eldritch Moon",https://scryfall.com/sets/emn,2016-07-22,https://svgs.scryfall.io/sets/emn.svg?1787544000,https://svgs.scryfall.io/sets/emn.svg?1787544000
v16,"From the Vault: Lore",https://scryfall.com/sets/v16,2016-08-19,https://svgs.scryfall.io/sets/v16.svg?1787544000,https://svgs.scryfall.io/sets/v16.svg?1787544000
cn2,"Conspiracy: Take the Crown",https://scryfall.com/sets/cn2,2016-08-26,https://svgs.scryfall.io/sets/cn2.svg?1787544000,https://svgs.scryfall.io/sets/cn2.svg?1787544000
ddr,"Duel Decks: Nissa vs. Ob Nixilis",https://scryfall.com/sets/ddr,2016-09-02,https://svgs.scryfall.io/sets/ddr.svg?1787544000,https://svgs.scryfall.io/sets/ddr.svg?1787544000
kld,Kaladesh,https://scryfall.com/sets/kld,2016-09-30,https://svgs.scryfall.io/sets/kld.svg?1787544000,https://svgs.scryfall.io/sets/kld.svg?1787544000
c16,"Commander 2016",https://scryfall.com/sets/c16,2016-11-11,https://svgs.scryfall.io/sets/c16.svg?1787544000,https://svgs.scryfall.io/sets/c16.svg?1787544000
pz2,"Treasure Chest",https://scryfall.com/sets/pz2,2016-11-16,https://svgs.scryfall.io/sets/pz2.svg?1787544000,https://svgs.scryfall.io/sets/pz2.svg?1787544000
opca,"Planechase Anthology Planes",https://scryfall.com/sets/opca,2016-11-25,https://svgs.scryfall.io/sets/pca.svg?1787544000,https://svgs.scryfall.io/sets/pca.svg?1787544000
pca,"Planechase Anthology",https://scryfall.com/sets/pca,2016-11-25,https://svgs.scryfall.io/sets/pca.svg?1787544000,https://svgs.scryfall.io/sets/pca.svg?1787544000
aer,"Aether Revolt",https://scryfall.com/sets/aer,2017-01-20,https://svgs.scryfall.io/sets/aer.svg?1787544000,https://svgs.scryfall.io/sets/aer.svg?1787544000
mm3,"Modern Masters 2017",https://scryfall.com/sets/mm3,2017-03-17,https://svgs.scryfall.io/sets/mm3.svg?1787544000,https://svgs.scryfall.io/sets/mm3.svg?1787544000
dds,"Duel Decks: Mind vs. Might",https://scryfall.com/sets/dds,2017-03-31,https://svgs.scryfall.io/sets/dds.svg?1787544000,https://svgs.scryfall.io/sets/dds.svg?1787544000
w17,"Welcome Deck 2017",https://scryfall.com/sets/w17,2017-04-15,https://svgs.scryfall.io/sets/w17.svg?1787544000,https://svgs.scryfall.io/sets/w17.svg?1787544000
akh,Amonkhet,https://scryfall.com/sets/akh,2017-04-28,https://svgs.scryfall.io/sets/akh.svg?1787544000,https://svgs.scryfall.io/sets/akh.svg?1787544000
cma,"Commander Anthology",https://scryfall.com/sets/cma,2017-06-09,https://svgs.scryfall.io/sets/cma.svg?1787544000,https://svgs.scryfall.io/sets/cma.svg?1787544000
oe01,"Archenemy: Nicol Bolas Schemes",https://scryfall.com/sets/oe01,2017-06-16,https://svgs.scryfall.io/sets/e01.svg?1787544000,https://svgs.scryfall.io/sets/e01.svg?1787544000
e01,"Archenemy: Nicol Bolas",https://scryfall.com/sets/e01,2017-06-16,https://svgs.scryfall.io/sets/e01.svg?1787544000,https://svgs.scryfall.io/sets/e01.svg?1787544000
hou,"Hour of Devastation",https://scryfall.com/sets/hou,2017-07-14,https://svgs.scryfall.io/sets/hou.svg?1787544000,https://svgs.scryfall.io/sets/hou.svg?1787544000
c17,"Commander 2017",https://scryfall.com/sets/c17,2017-08-25,https://svgs.scryfall.io/sets/c17.svg?1787544000,https://svgs.scryfall.io/sets/c17.svg?1787544000
xln,Ixalan,https://scryfall.com/sets/xln,2017-09-29,https://svgs.scryfall.io/sets/xln.svg?1787544000,https://svgs.scryfall.io/sets/xln.svg?1787544000
g17,"2017 Gift Pack",https://scryfall.com/sets/g17,2017-10-20,https://svgs.scryfall.io/sets/star.svg?1787544000,https://svgs.scryfall.io/sets/star.svg?1787544000
ddt,"Duel Decks: Merfolk vs. Goblins",https://scryfall.com/sets/ddt,2017-10-24,https://svgs.scryfall.io/sets/ddt.svg?1787544000,https://svgs.scryfall.io/sets/ddt.svg?1787544000
ima,"Iconic Masters",https://scryfall.com/sets/ima,2017-11-17,https://svgs.scryfall.io/sets/ima.svg?1787544000,https://svgs.scryfall.io/sets/ima.svg?1787544000
e02,"Explorers of Ixalan",https://scryfall.com/sets/e02,2017-11-24,https://svgs.scryfall.io/sets/e02.svg?1787544000,https://svgs.scryfall.io/sets/e02.svg?1787544000
v17,"From the Vault: Transform",https://scryfall.com/sets/v17,2017-11-24,https://svgs.scryfall.io/sets/v17.svg?1787544000,https://svgs.scryfall.io/sets/v17.svg?1787544000
rix,"Rivals of Ixalan",https://scryfall.com/sets/rix,2018-01-19,https://svgs.scryfall.io/sets/rix.svg?1787544000,https://svgs.scryfall.io/sets/rix.svg?1787544000
a25,"Masters 25",https://scryfall.com/sets/a25,2018-03-16,https://svgs.scryfall.io/sets/a25.svg?1787544000,https://svgs.scryfall.io/sets/a25.svg?1787544000
ddu,"Duel Decks: Elves vs. Inventors",https://scryfall.com/sets/ddu,2018-04-06,https://svgs.scryfall.io/sets/ddu.svg?1787544000,https://svgs.scryfall.io/sets/ddu.svg?1787544000
dom,Dominaria,https://scryfall.com/sets/dom,2018-04-27,https://svgs.scryfall.io/sets/dom.svg?1787544000,https://svgs.scryfall.io/sets/dom.svg?1787544000
cm2,"Commander Anthology Volume II",https://scryfall.com/sets/cm2,2018-06-08,https://svgs.scryfall.io/sets/cm2.svg?1787544000,https://svgs.scryfall.io/sets/cm2.svg?1787544000
bbd,Battlebond,https://scryfall.com/sets/bbd,2018-06-08,https://svgs.scryfall.io/sets/bbd.svg?1787544000,https://svgs.scryfall.io/sets/bbd.svg?1787544000
ss1,"Signature Spellbook: Jace",https://scryfall.com/sets/ss1,2018-06-15,https://svgs.scryfall.io/sets/ss1.svg?1787544000,https://svgs.scryfall.io/sets/ss1.svg?1787544000
gs1,"Global Series Jiang Yanggu & Mu Yanling",https://scryfall.com/sets/gs1,2018-06-22,https://svgs.scryfall.io/sets/gs1.svg?1787544000,https://svgs.scryfall.io/sets/gs1.svg?1787544000
m19,"Core Set 2019",https://scryfall.com/sets/m19,2018-07-13,https://svgs.scryfall.io/sets/m19.svg?1787544000,https://svgs.scryfall.io/sets/m19.svg?1787544000
ana,"Arena New Player Experience",https://scryfall.com/sets/ana,2018-07-14,https://svgs.scryfall.io/sets/mtga.svg?1787544000,https://svgs.scryfall.io/sets/mtga.svg?1787544000
oana,"Arena New Player Experience Cards",https://scryfall.com/sets/oana,2018-07-14,https://svgs.scryfall.io/sets/mtga.svg?1787544000,https://svgs.scryfall.io/sets/mtga.svg?1787544000
c18,"Commander 2018",https://scryfall.com/sets/c18,2018-08-10,https://svgs.scryfall.io/sets/c18.svg?1787544000,https://svgs.scryfall.io/sets/c18.svg?1787544000
grn,"Guilds of Ravnica",https://scryfall.com/sets/grn,2018-10-05,https://svgs.scryfall.io/sets/grn.svg?1787544000,https://svgs.scryfall.io/sets/grn.svg?1787544000
gk1,"GRN Guild Kit",https://scryfall.com/sets/gk1,2018-11-02,https://svgs.scryfall.io/sets/grn.svg?1787544000,https://svgs.scryfall.io/sets/grn.svg?1787544000
gnt,"Game Night",https://scryfall.com/sets/gnt,2018-11-16,https://svgs.scryfall.io/sets/gnt.svg?1787544000,https://svgs.scryfall.io/sets/gnt.svg?1787544000
g18,"M19 Gift Pack",https://scryfall.com/sets/g18,2018-11-16,https://svgs.scryfall.io/sets/m19.svg?1787544000,https://svgs.scryfall.io/sets/m19.svg?1787544000
uma,"Ultimate Masters",https://scryfall.com/sets/uma,2018-12-07,https://svgs.scryfall.io/sets/uma.svg?1787544000,https://svgs.scryfall.io/sets/uma.svg?1787544000
rna,"Ravnica Allegiance",https://scryfall.com/sets/rna,2019-01-25,https://svgs.scryfall.io/sets/rna.svg?1787544000,https://svgs.scryfall.io/sets/rna.svg?1787544000
gk2,"RNA Guild Kit",https://scryfall.com/sets/gk2,2019-02-15,https://svgs.scryfall.io/sets/rna.svg?1787544000,https://svgs.scryfall.io/sets/rna.svg?1787544000
war,"War of the Spark",https://scryfall.com/sets/war,2019-05-03,https://svgs.scryfall.io/sets/war.svg?1787544000,https://svgs.scryfall.io/sets/war.svg?1787544000
mh1,"Modern Horizons",https://scryfall.com/sets/mh1,2019-06-14,https://svgs.scryfall.io/sets/mh1.svg?1787544000,https://svgs.scryfall.io/sets/mh1.svg?1787544000
ss2,"Signature Spellbook: Gideon",https://scryfall.com/sets/ss2,2019-06-28,https://svgs.scryfall.io/sets/ss2.svg?1787544000,https://svgs.scryfall.io/sets/ss2.svg?1787544000
m20,"Core Set 2020",https://scryfall.com/sets/m20,2019-07-12,https://svgs.scryfall.io/sets/m20.svg?1787544000,https://svgs.scryfall.io/sets/m20.svg?1787544000
c19,"Commander 2019",https://scryfall.com/sets/c19,2019-08-23,https://svgs.scryfall.io/sets/c19.svg?1787544000,https://svgs.scryfall.io/sets/c19.svg?1787544000
eld,"Throne of Eldraine",https://scryfall.com/sets/eld,2019-10-04,https://svgs.scryfall.io/sets/eld.svg?1787544000,https://svgs.scryfall.io/sets/eld.svg?1787544000
gn2,"Game Night 2019",https://scryfall.com/sets/gn2,2019-11-15,https://svgs.scryfall.io/sets/gn2.svg?1787544000,https://svgs.scryfall.io/sets/gn2.svg?1787544000
ha1,"Historic Anthology 1",https://scryfall.com/sets/ha1,2019-11-21,https://svgs.scryfall.io/sets/ha1.svg?1787544000,https://svgs.scryfall.io/sets/ha1.svg?1787544000
sld,"Secret Lair Drop",https://scryfall.com/sets/sld,2019-12-02,https://svgs.scryfall.io/sets/star.svg?1787544000,https://svgs.scryfall.io/sets/star.svg?1787544000
thb,"Theros Beyond Death",https://scryfall.com/sets/thb,2020-01-24,https://svgs.scryfall.io/sets/thb.svg?1787544000,https://svgs.scryfall.io/sets/thb.svg?1787544000
ha2,"Historic Anthology 2",https://scryfall.com/sets/ha2,2020-03-12,https://svgs.scryfall.io/sets/ha1.svg?1787544000,https://svgs.scryfall.io/sets/ha1.svg?1787544000
c20,"Commander 2020",https://scryfall.com/sets/c20,2020-04-17,https://svgs.scryfall.io/sets/c20.svg?1787544000,https://svgs.scryfall.io/sets/c20.svg?1787544000
iko,"Ikoria: Lair of Behemoths",https://scryfall.com/sets/iko,2020-04-24,https://svgs.scryfall.io/sets/iko.svg?1787544000,https://svgs.scryfall.io/sets/iko.svg?1787544000
ha3,"Historic Anthology 3",https://scryfall.com/sets/ha3,2020-05-21,https://svgs.scryfall.io/sets/ha1.svg?1787544000,https://svgs.scryfall.io/sets/ha1.svg?1787544000
slu,"Secret Lair: Ultimate Edition",https://scryfall.com/sets/slu,2020-05-29,https://svgs.scryfall.io/sets/star.svg?1787544000,https://svgs.scryfall.io/sets/star.svg?1787544000
ss3,"Signature Spellbook: Chandra",https://scryfall.com/sets/ss3,2020-06-26,https://svgs.scryfall.io/sets/ss3.svg?1787544000,https://svgs.scryfall.io/sets/ss3.svg?1787544000
m21,"Core Set 2021",https://scryfall.com/sets/m21,2020-07-03,https://svgs.scryfall.io/sets/m21.svg?1787544000,https://svgs.scryfall.io/sets/m21.svg?1787544000
ajmp,"Jumpstart Arena Exclusives",https://scryfall.com/sets/ajmp,2020-07-17,https://svgs.scryfall.io/sets/jmp.svg?1787544000,https://svgs.scryfall.io/sets/jmp.svg?1787544000
jmp,Jumpstart,https://scryfall.com/sets/jmp,2020-07-17,https://svgs.scryfall.io/sets/jmp.svg?1787544000,https://svgs.scryfall.io/sets/jmp.svg?1787544000
2xm,"Double Masters",https://scryfall.com/sets/2xm,2020-08-07,https://svgs.scryfall.io/sets/2xm.svg?1787544000,https://svgs.scryfall.io/sets/2xm.svg?1787544000
anb,"Arena Beginner Set",https://scryfall.com/sets/anb,2020-08-13,https://svgs.scryfall.io/sets/mtga.svg?1787544000,https://svgs.scryfall.io/sets/mtga.svg?1787544000
akr,"Amonkhet Remastered",https://scryfall.com/sets/akr,2020-08-13,https://svgs.scryfall.io/sets/akr.svg?1787544000,https://svgs.scryfall.io/sets/akr.svg?1787544000
znr,"Zendikar Rising",https://scryfall.com/sets/znr,2020-09-25,https://svgs.scryfall.io/sets/znr.svg?1787544000,https://svgs.scryfall.io/sets/znr.svg?1787544000
znc,"Zendikar Rising Commander",https://scryfall.com/sets/znc,2020-09-25,https://svgs.scryfall.io/sets/znc.svg?1787544000,https://svgs.scryfall.io/sets/znc.svg?1787544000
plst,"The List",https://scryfall.com/sets/plst,2020-09-26,https://svgs.scryfall.io/sets/planeswalker.svg?1787544000,https://svgs.scryfall.io/sets/planeswalker.svg?1787544000
klr,"Kaladesh Remastered",https://scryfall.com/sets/klr,2020-11-12,https://svgs.scryfall.io/sets/klr.svg?1787544000,https://svgs.scryfall.io/sets/klr.svg?1787544000
cmr,"Commander Legends",https://scryfall.com/sets/cmr,2020-11-20,https://svgs.scryfall.io/sets/cmr.svg?1787544000,https://svgs.scryfall.io/sets/cmr.svg?1787544000
cc1,"Commander Collection: Green",https://scryfall.com/sets/cc1,2020-12-04,https://svgs.scryfall.io/sets/cc1.svg?1787544000,https://svgs.scryfall.io/sets/cc1.svg?1787544000
khc,"Kaldheim Commander",https://scryfall.com/sets/khc,2021-02-05,https://svgs.scryfall.io/sets/khc.svg?1787544000,https://svgs.scryfall.io/sets/khc.svg?1787544000
khm,Kaldheim,https://scryfall.com/sets/khm,2021-02-05,https://svgs.scryfall.io/sets/khm.svg?1787544000,https://svgs.scryfall.io/sets/khm.svg?1787544000
ha4,"Historic Anthology 4",https://scryfall.com/sets/ha4,2021-03-11,https://svgs.scryfall.io/sets/ha1.svg?1787544000,https://svgs.scryfall.io/sets/ha1.svg?1787544000
tsr,"Time Spiral Remastered",https://scryfall.com/sets/tsr,2021-03-19,https://svgs.scryfall.io/sets/tsr.svg?1787544000,https://svgs.scryfall.io/sets/tsr.svg?1787544000
c21,"Commander 2021",https://scryfall.com/sets/c21,2021-04-23,https://svgs.scryfall.io/sets/c21.svg?1787544000,https://svgs.scryfall.io/sets/c21.svg?1787544000
stx,"Strixhaven: School of Mages",https://scryfall.com/sets/stx,2021-04-23,https://svgs.scryfall.io/sets/stx.svg?1787544000,https://svgs.scryfall.io/sets/stx.svg?1787544000
ha5,"Historic Anthology 5",https://scryfall.com/sets/ha5,2021-05-27,https://svgs.scryfall.io/sets/ha1.svg?1787544000,https://svgs.scryfall.io/sets/ha1.svg?1787544000
mh2,"Modern Horizons 2",https://scryfall.com/sets/mh2,2021-06-18,https://svgs.scryfall.io/sets/mh2.svg?1787544000,https://svgs.scryfall.io/sets/mh2.svg?1787544000
h1r,"Modern Horizons 1 Timeshifts",https://scryfall.com/sets/h1r,2021-06-18,https://svgs.scryfall.io/sets/mh1.svg?1787544000,https://svgs.scryfall.io/sets/mh1.svg?1787544000
afc,"Forgotten Realms Commander",https://scryfall.com/sets/afc,2021-07-23,https://svgs.scryfall.io/sets/afc.svg?1787544000,https://svgs.scryfall.io/sets/afc.svg?1787544000
afr,"Adventures in the Forgotten Realms",https://scryfall.com/sets/afr,2021-07-23,https://svgs.scryfall.io/sets/afr.svg?1787544000,https://svgs.scryfall.io/sets/afr.svg?1787544000
j21,"Jumpstart: Historic Horizons",https://scryfall.com/sets/j21,2021-08-26,https://svgs.scryfall.io/sets/j21.svg?1787544000,https://svgs.scryfall.io/sets/j21.svg?1787544000
mic,"Midnight Hunt Commander",https://scryfall.com/sets/mic,2021-09-24,https://svgs.scryfall.io/sets/mic.svg?1787544000,https://svgs.scryfall.io/sets/mic.svg?1787544000
mid,"Innistrad: Midnight Hunt",https://scryfall.com/sets/mid,2021-09-24,https://svgs.scryfall.io/sets/mid.svg?1787544000,https://svgs.scryfall.io/sets/mid.svg?1787544000
q06,"Pioneer Challenger Decks 2021",https://scryfall.com/sets/q06,2021-10-15,https://svgs.scryfall.io/sets/star.svg?1787544000,https://svgs.scryfall.io/sets/star.svg?1787544000
vow,"Innistrad: Crimson Vow",https://scryfall.com/sets/vow,2021-11-19,https://svgs.scryfall.io/sets/vow.svg?1787544000,https://svgs.scryfall.io/sets/vow.svg?1787544000
voc,"Crimson Vow Commander",https://scryfall.com/sets/voc,2021-11-19,https://svgs.scryfall.io/sets/voc.svg?1787544000,https://svgs.scryfall.io/sets/voc.svg?1787544000
ymid,"Alchemy: Innistrad",https://scryfall.com/sets/ymid,2021-12-09,https://svgs.scryfall.io/sets/y22.svg?1787544000,https://svgs.scryfall.io/sets/y22.svg?1787544000
cc2,"Commander Collection: Black",https://scryfall.com/sets/cc2,2022-01-28,https://svgs.scryfall.io/sets/cc2.svg?1787544000,https://svgs.scryfall.io/sets/cc2.svg?1787544000
dbl,"Innistrad: Double Feature",https://scryfall.com/sets/dbl,2022-01-28,https://svgs.scryfall.io/sets/star.svg?1787544000,https://svgs.scryfall.io/sets/star.svg?1787544000
neo,"Kamigawa: Neon Dynasty",https://scryfall.com/sets/neo,2022-02-18,https://svgs.scryfall.io/sets/neo.svg?1787544000,https://svgs.scryfall.io/sets/neo.svg?1787544000
nec,"Neon Dynasty Commander",https://scryfall.com/sets/nec,2022-02-18,https://svgs.scryfall.io/sets/nec.svg?1787544000,https://svgs.scryfall.io/sets/nec.svg?1787544000
slx,"Universes Within",https://scryfall.com/sets/slx,2022-03-03,https://svgs.scryfall.io/sets/star.svg?1787544000,https://svgs.scryfall.io/sets/star.svg?1787544000
yneo,"Alchemy: Kamigawa",https://scryfall.com/sets/yneo,2022-03-17,https://svgs.scryfall.io/sets/y22.svg?1787544000,https://svgs.scryfall.io/sets/y22.svg?1787544000
q07,"Challenger Decks 2022",https://scryfall.com/sets/q07,2022-04-01,https://svgs.scryfall.io/sets/star.svg?1787544000,https://svgs.scryfall.io/sets/star.svg?1787544000
snc,"Streets of New Capenna",https://scryfall.com/sets/snc,2022-04-29,https://svgs.scryfall.io/sets/snc.svg?1787544000,https://svgs.scryfall.io/sets/snc.svg?1787544000
ncc,"New Capenna Commander",https://scryfall.com/sets/ncc,2022-04-29,https://svgs.scryfall.io/sets/ncc.svg?1787544000,https://svgs.scryfall.io/sets/ncc.svg?1787544000
ysnc,"Alchemy: New Capenna",https://scryfall.com/sets/ysnc,2022-06-02,https://svgs.scryfall.io/sets/y22.svg?1787544000,https://svgs.scryfall.io/sets/y22.svg?1787544000
clb,"Commander Legends: Battle for Baldur's Gate",https://scryfall.com/sets/clb,2022-06-10,https://svgs.scryfall.io/sets/clb.svg?1787544000,https://svgs.scryfall.io/sets/clb.svg?1787544000
hbg,"Alchemy Horizons: Baldur's Gate",https://scryfall.com/sets/hbg,2022-07-07,https://svgs.scryfall.io/sets/hbg.svg?1787544000,https://svgs.scryfall.io/sets/hbg.svg?1787544000
2x2,"Double Masters 2022",https://scryfall.com/sets/2x2,2022-07-08,https://svgs.scryfall.io/sets/2x2.svg?1787544000,https://svgs.scryfall.io/sets/2x2.svg?1787544000
ha6,"Historic Anthology 6",https://scryfall.com/sets/ha6,2022-07-28,https://svgs.scryfall.io/sets/ha1.svg?1787544000,https://svgs.scryfall.io/sets/ha1.svg?1787544000
ea1,"Explorer Anthology 1",https://scryfall.com/sets/ea1,2022-07-28,https://svgs.scryfall.io/sets/mtga.svg?1787544000,https://svgs.scryfall.io/sets/mtga.svg?1787544000
dmc,"Dominaria United Commander",https://scryfall.com/sets/dmc,2022-09-09,https://svgs.scryfall.io/sets/dmc.svg?1787544000,https://svgs.scryfall.io/sets/dmc.svg?1787544000
dmu,"Dominaria United",https://scryfall.com/sets/dmu,2022-09-09,https://svgs.scryfall.io/sets/dmu.svg?1787544000,https://svgs.scryfall.io/sets/dmu.svg?1787544000
ydmu,"Alchemy: Dominaria",https://scryfall.com/sets/ydmu,2022-10-05,https://svgs.scryfall.io/sets/y23.svg?1787544000,https://svgs.scryfall.io/sets/y23.svg?1787544000
40k,"Warhammer 40,000 Commander",https://scryfall.com/sets/40k,2022-10-07,https://svgs.scryfall.io/sets/40k.svg?1787544000,https://svgs.scryfall.io/sets/40k.svg?1787544000
gn3,"Game Night: Free-for-All",https://scryfall.com/sets/gn3,2022-10-14,https://svgs.scryfall.io/sets/gn3.svg?1787544000,https://svgs.scryfall.io/sets/gn3.svg?1787544000
slc,"Secret Lair Countdown",https://scryfall.com/sets/slc,2022-11-01,https://svgs.scryfall.io/sets/star.svg?1787544000,https://svgs.scryfall.io/sets/star.svg?1787544000
brc,"The Brothers' War Commander",https://scryfall.com/sets/brc,2022-11-18,https://svgs.scryfall.io/sets/brc.svg?1787544000,https://svgs.scryfall.io/sets/brc.svg?1787544000
bro,"The Brothers' War",https://scryfall.com/sets/bro,2022-11-18,https://svgs.scryfall.io/sets/bro.svg?1787544000,https://svgs.scryfall.io/sets/bro.svg?1787544000
scd,"Starter Commander Decks",https://scryfall.com/sets/scd,2022-12-02,https://svgs.scryfall.io/sets/scd.svg?1787544000,https://svgs.scryfall.io/sets/scd.svg?1787544000
j22,"Jumpstart 2022",https://scryfall.com/sets/j22,2022-12-02,https://svgs.scryfall.io/sets/j22.svg?1787544000,https://svgs.scryfall.io/sets/j22.svg?1787544000
ybro,"Alchemy: The Brothers' War",https://scryfall.com/sets/ybro,2022-12-13,https://svgs.scryfall.io/sets/y23.svg?1787544000,https://svgs.scryfall.io/sets/y23.svg?1787544000
ea2,"Explorer Anthology 2",https://scryfall.com/sets/ea2,2022-12-13,https://svgs.scryfall.io/sets/mtga.svg?1787544000,https://svgs.scryfall.io/sets/mtga.svg?1787544000
dmr,"Dominaria Remastered",https://scryfall.com/sets/dmr,2023-01-13,https://svgs.scryfall.io/sets/dmr.svg?1787544000,https://svgs.scryfall.io/sets/dmr.svg?1787544000
onc,"Phyrexia: All Will Be One Commander",https://scryfall.com/sets/onc,2023-02-10,https://svgs.scryfall.io/sets/onc.svg?1787544000,https://svgs.scryfall.io/sets/onc.svg?1787544000
one,"Phyrexia: All Will Be One",https://scryfall.com/sets/one,2023-02-10,https://svgs.scryfall.io/sets/one.svg?1787544000,https://svgs.scryfall.io/sets/one.svg?1787544000
yone,"Alchemy: Phyrexia",https://scryfall.com/sets/yone,2023-02-28,https://svgs.scryfall.io/sets/y23.svg?1787544000,https://svgs.scryfall.io/sets/y23.svg?1787544000
sis,"Shadows of the Past",https://scryfall.com/sets/sis,2023-03-21,https://svgs.scryfall.io/sets/sis.svg?1787544000,https://svgs.scryfall.io/sets/sis.svg?1787544000
sir,"Shadows over Innistrad Remastered",https://scryfall.com/sets/sir,2023-03-21,https://svgs.scryfall.io/sets/sir.svg?1787544000,https://svgs.scryfall.io/sets/sir.svg?1787544000
moc,"March of the Machine Commander",https://scryfall.com/sets/moc,2023-04-21,https://svgs.scryfall.io/sets/moc.svg?1787544000,https://svgs.scryfall.io/sets/moc.svg?1787544000
mom,"March of the Machine",https://scryfall.com/sets/mom,2023-04-21,https://svgs.scryfall.io/sets/mom.svg?1787544000,https://svgs.scryfall.io/sets/mom.svg?1787544000
mat,"March of the Machine: The Aftermath",https://scryfall.com/sets/mat,2023-05-12,https://svgs.scryfall.io/sets/mat.svg?1787544000,https://svgs.scryfall.io/sets/mat.svg?1787544000
ltc,"Tales of Middle-earth Commander",https://scryfall.com/sets/ltc,2023-06-23,https://svgs.scryfall.io/sets/ltc.svg?1787544000,https://svgs.scryfall.io/sets/ltc.svg?1787544000
ltr,"The Lord of the Rings: Tales of Middle-earth",https://scryfall.com/sets/ltr,2023-06-23,https://svgs.scryfall.io/sets/ltr.svg?1787544000,https://svgs.scryfall.io/sets/ltr.svg?1787544000
ea3,"Explorer Anthology 3",https://scryfall.com/sets/ea3,2023-07-18,https://svgs.scryfall.io/sets/mtga.svg?1787544000,https://svgs.scryfall.io/sets/mtga.svg?1787544000
ha7,"Historic Anthology 7",https://scryfall.com/sets/ha7,2023-07-18,https://svgs.scryfall.io/sets/ha1.svg?1787544000,https://svgs.scryfall.io/sets/ha1.svg?1787544000
cmm,"Commander Masters",https://scryfall.com/sets/cmm,2023-08-04,https://svgs.scryfall.io/sets/cmm.svg?1787544000,https://svgs.scryfall.io/sets/cmm.svg?1787544000
woc,"Wilds of Eldraine Commander",https://scryfall.com/sets/woc,2023-09-08,https://svgs.scryfall.io/sets/woc.svg?1787544000,https://svgs.scryfall.io/sets/woc.svg?1787544000
woe,"Wilds of Eldraine",https://scryfall.com/sets/woe,2023-09-08,https://svgs.scryfall.io/sets/woe.svg?1787544000,https://svgs.scryfall.io/sets/woe.svg?1787544000
ywoe,"Alchemy: Wilds of Eldraine",https://scryfall.com/sets/ywoe,2023-10-10,https://svgs.scryfall.io/sets/y24.svg?1787544000,https://svgs.scryfall.io/sets/y24.svg?1787544000
who,"Doctor Who",https://scryfall.com/sets/who,2023-10-13,https://svgs.scryfall.io/sets/who.svg?1787544000,https://svgs.scryfall.io/sets/who.svg?1787544000
lcc,"The Lost Caverns of Ixalan Commander",https://scryfall.com/sets/lcc,2023-11-17,https://svgs.scryfall.io/sets/lcc.svg?1787544000,https://svgs.scryfall.io/sets/lcc.svg?1787544000
lci,"The Lost Caverns of Ixalan",https://scryfall.com/sets/lci,2023-11-17,https://svgs.scryfall.io/sets/lci.svg?1787544000,https://svgs.scryfall.io/sets/lci.svg?1787544000
ylci,"Alchemy: Ixalan",https://scryfall.com/sets/ylci,2023-12-05,https://svgs.scryfall.io/sets/y24.svg?1787544000,https://svgs.scryfall.io/sets/y24.svg?1787544000
rvr,"Ravnica Remastered",https://scryfall.com/sets/rvr,2024-01-12,https://svgs.scryfall.io/sets/rvr.svg?1787544000,https://svgs.scryfall.io/sets/rvr.svg?1787544000
mkc,"Murders at Karlov Manor Commander",https://scryfall.com/sets/mkc,2024-02-09,https://svgs.scryfall.io/sets/mkc.svg?1787544000,https://svgs.scryfall.io/sets/mkc.svg?1787544000
mkm,"Murders at Karlov Manor",https://scryfall.com/sets/mkm,2024-02-09,https://svgs.scryfall.io/sets/mkm.svg?1787544000,https://svgs.scryfall.io/sets/mkm.svg?1787544000
clu,"Ravnica: Clue Edition",https://scryfall.com/sets/clu,2024-02-23,https://svgs.scryfall.io/sets/clu.svg?1787544000,https://svgs.scryfall.io/sets/clu.svg?1787544000
ymkm,"Alchemy: Murders at Karlov Manor",https://scryfall.com/sets/ymkm,2024-03-05,https://svgs.scryfall.io/sets/y24.svg?1787544000,https://svgs.scryfall.io/sets/y24.svg?1787544000
pip,Fallout,https://scryfall.com/sets/pip,2024-03-08,https://svgs.scryfall.io/sets/pip.svg?1787544000,https://svgs.scryfall.io/sets/pip.svg?1787544000
otj,"Outlaws of Thunder Junction",https://scryfall.com/sets/otj,2024-04-19,https://svgs.scryfall.io/sets/otj.svg?1787544000,https://svgs.scryfall.io/sets/otj.svg?1787544000
big,"The Big Score",https://scryfall.com/sets/big,2024-04-19,https://svgs.scryfall.io/sets/big.svg?1787544000,https://svgs.scryfall.io/sets/big.svg?1787544000
otc,"Outlaws of Thunder Junction Commander",https://scryfall.com/sets/otc,2024-04-19,https://svgs.scryfall.io/sets/otc.svg?1787544000,https://svgs.scryfall.io/sets/otc.svg?1787544000
yotj,"Alchemy: Outlaws of Thunder Junction",https://scryfall.com/sets/yotj,2024-05-07,https://svgs.scryfall.io/sets/y24.svg?1787544000,https://svgs.scryfall.io/sets/y24.svg?1787544000
mh3,"Modern Horizons 3",https://scryfall.com/sets/mh3,2024-06-14,https://svgs.scryfall.io/sets/mh3.svg?1787544000,https://svgs.scryfall.io/sets/mh3.svg?1787544000
h2r,"Modern Horizons 2 Timeshifts",https://scryfall.com/sets/h2r,2024-06-14,https://svgs.scryfall.io/sets/mh2.svg?1787544000,https://svgs.scryfall.io/sets/mh2.svg?1787544000
m3c,"Modern Horizons 3 Commander",https://scryfall.com/sets/m3c,2024-06-14,https://svgs.scryfall.io/sets/m3c.svg?1787544000,https://svgs.scryfall.io/sets/m3c.svg?1787544000
acr,"Assassin's Creed",https://scryfall.com/sets/acr,2024-07-05,https://svgs.scryfall.io/sets/acr.svg?1787544000,https://svgs.scryfall.io/sets/acr.svg?1787544000
blb,Bloomburrow,https://scryfall.com/sets/blb,2024-08-02,https://svgs.scryfall.io/sets/blb.svg?1787544000,https://svgs.scryfall.io/sets/blb.svg?1787544000
mb2,"Mystery Booster 2",https://scryfall.com/sets/mb2,2024-08-02,https://svgs.scryfall.io/sets/mb2.svg?1787544000,https://svgs.scryfall.io/sets/mb2.svg?1787544000
blc,"Bloomburrow Commander",https://scryfall.com/sets/blc,2024-08-02,https://svgs.scryfall.io/sets/blc.svg?1787544000,https://svgs.scryfall.io/sets/blc.svg?1787544000
yblb,"Alchemy: Bloomburrow",https://scryfall.com/sets/yblb,2024-08-20,https://svgs.scryfall.io/sets/y25.svg?1787544000,https://svgs.scryfall.io/sets/y25.svg?1787544000
dsc,"Duskmourn: House of Horror Commander",https://scryfall.com/sets/dsc,2024-09-27,https://svgs.scryfall.io/sets/dsc.svg?1787544000,https://svgs.scryfall.io/sets/dsc.svg?1787544000
dsk,"Duskmourn: House of Horror",https://scryfall.com/sets/dsk,2024-09-27,https://svgs.scryfall.io/sets/dsk.svg?1787544000,https://svgs.scryfall.io/sets/dsk.svg?1787544000
ydsk,"Alchemy: Duskmourn",https://scryfall.com/sets/ydsk,2024-10-15,https://svgs.scryfall.io/sets/y25.svg?1787544000,https://svgs.scryfall.io/sets/y25.svg?1787544000
j25,"Foundations Jumpstart",https://scryfall.com/sets/j25,2024-11-15,https://svgs.scryfall.io/sets/j25.svg?1787544000,https://svgs.scryfall.io/sets/j25.svg?1787544000
fdc,"Foundations Commander",https://scryfall.com/sets/fdc,2024-11-15,https://svgs.scryfall.io/sets/fdc.svg?1787544000,https://svgs.scryfall.io/sets/fdc.svg?1787544000
fdn,Foundations,https://scryfall.com/sets/fdn,2024-11-15,https://svgs.scryfall.io/sets/fdn.svg?1787544000,https://svgs.scryfall.io/sets/fdn.svg?1787544000
pio,"Pioneer Masters",https://scryfall.com/sets/pio,2024-12-10,https://svgs.scryfall.io/sets/pio.svg?1787544000,https://svgs.scryfall.io/sets/pio.svg?1787544000
inr,"Innistrad Remastered",https://scryfall.com/sets/inr,2025-01-24,https://svgs.scryfall.io/sets/inr.svg?1787544000,https://svgs.scryfall.io/sets/inr.svg?1787544000
dft,Aetherdrift,https://scryfall.com/sets/dft,2025-02-14,https://svgs.scryfall.io/sets/dft.svg?1787544000,https://svgs.scryfall.io/sets/dft.svg?1787544000
drc,"Aetherdrift Commander",https://scryfall.com/sets/drc,2025-02-14,https://svgs.scryfall.io/sets/drc.svg?1787544000,https://svgs.scryfall.io/sets/drc.svg?1787544000
ydft,"Alchemy: Aetherdrift",https://scryfall.com/sets/ydft,2025-03-04,https://svgs.scryfall.io/sets/y25.svg?1787544000,https://svgs.scryfall.io/sets/y25.svg?1787544000
tdc,"Tarkir: Dragonstorm Commander",https://scryfall.com/sets/tdc,2025-04-11,https://svgs.scryfall.io/sets/tdc.svg?1787544000,https://svgs.scryfall.io/sets/tdc.svg?1787544000
tdm,"Tarkir: Dragonstorm",https://scryfall.com/sets/tdm,2025-04-11,https://svgs.scryfall.io/sets/tdm.svg?1787544000,https://svgs.scryfall.io/sets/tdm.svg?1787544000
ytdm,"Alchemy: Tarkir",https://scryfall.com/sets/ytdm,2025-04-29,https://svgs.scryfall.io/sets/y25.svg?1787544000,https://svgs.scryfall.io/sets/y25.svg?1787544000
pa1,"Pioneer Anthology 1",https://scryfall.com/sets/pa1,2025-05-05,https://svgs.scryfall.io/sets/mtga.svg?1787544000,https://svgs.scryfall.io/sets/mtga.svg?1787544000
fic,"Final Fantasy Commander",https://scryfall.com/sets/fic,2025-06-13,https://svgs.scryfall.io/sets/fic.svg?1787544000,https://svgs.scryfall.io/sets/fic.svg?1787544000
fin,"Final Fantasy",https://scryfall.com/sets/fin,2025-06-13,https://svgs.scryfall.io/sets/fin.svg?1787544000,https://svgs.scryfall.io/sets/fin.svg?1787544000
eoe,"Edge of Eternities",https://scryfall.com/sets/eoe,2025-08-01,https://svgs.scryfall.io/sets/eoe.svg?1787544000,https://svgs.scryfall.io/sets/eoe.svg?1787544000
eoc,"Edge of Eternities Commander",https://scryfall.com/sets/eoc,2025-08-01,https://svgs.scryfall.io/sets/eoc.svg?1787544000,https://svgs.scryfall.io/sets/eoc.svg?1787544000
aa2,"Arena Anthology 2",https://scryfall.com/sets/aa2,2025-08-19,https://svgs.scryfall.io/sets/mtga.svg?1787544000,https://svgs.scryfall.io/sets/mtga.svg?1787544000
yeoe,"Alchemy: Edge of Eternities",https://scryfall.com/sets/yeoe,2025-08-19,https://svgs.scryfall.io/sets/y25.svg?1787544000,https://svgs.scryfall.io/sets/y25.svg?1787544000
aa1,"Arena Anthology 1",https://scryfall.com/sets/aa1,2025-08-19,https://svgs.scryfall.io/sets/mtga.svg?1787544000,https://svgs.scryfall.io/sets/mtga.svg?1787544000
aa4,"Arena Anthology 4",https://scryfall.com/sets/aa4,2025-09-23,https://svgs.scryfall.io/sets/mtga.svg?1787544000,https://svgs.scryfall.io/sets/mtga.svg?1787544000
aa3,"Arena Anthology 3",https://scryfall.com/sets/aa3,2025-09-23,https://svgs.scryfall.io/sets/mtga.svg?1787544000,https://svgs.scryfall.io/sets/mtga.svg?1787544000
om1,"Through the Omenpaths",https://scryfall.com/sets/om1,2025-09-23,https://svgs.scryfall.io/sets/om1.svg?1787544000,https://svgs.scryfall.io/sets/om1.svg?1787544000
spm,"Marvel's Spider-Man",https://scryfall.com/sets/spm,2025-09-26,https://svgs.scryfall.io/sets/spm.svg?1787544000,https://svgs.scryfall.io/sets/spm.svg?1787544000
tla,"Avatar: The Last Airbender",https://scryfall.com/sets/tla,2025-11-21,https://svgs.scryfall.io/sets/tla.svg?1787544000,https://svgs.scryfall.io/sets/tla.svg?1787544000
ecl,"Lorwyn Eclipsed",https://scryfall.com/sets/ecl,2026-01-23,https://svgs.scryfall.io/sets/ecl.svg?1787544000,https://svgs.scryfall.io/sets/ecl.svg?1787544000
ecc,"Lorwyn Eclipsed Commander",https://scryfall.com/sets/ecc,2026-01-23,https://svgs.scryfall.io/sets/ecc.svg?1787544000,https://svgs.scryfall.io/sets/ecc.svg?1787544000
yecl,"Alchemy: Lorwyn Eclipsed",https://scryfall.com/sets/yecl,2026-02-03,https://svgs.scryfall.io/sets/y26.svg?1787544000,https://svgs.scryfall.io/sets/y26.svg?1787544000
tmt,"Teenage Mutant Ninja Turtles",https://scryfall.com/sets/tmt,2026-03-06,https://svgs.scryfall.io/sets/tmt.svg?1787544000,https://svgs.scryfall.io/sets/tmt.svg?1787544000
sos,"Secrets of Strixhaven",https://scryfall.com/sets/sos,2026-04-24,https://svgs.scryfall.io/sets/sos.svg?1787544000,https://svgs.scryfall.io/sets/sos.svg?1787544000
soc,"Secrets of Strixhaven Commander",https://scryfall.com/sets/soc,2026-04-24,https://svgs.scryfall.io/sets/soc.svg?1787544000,https://svgs.scryfall.io/sets/soc.svg?1787544000
ysos,"Alchemy: Secrets of Strixhaven",https://scryfall.com/sets/ysos,2026-05-19,https://svgs.scryfall.io/sets/y26.svg?1787544000,https://svgs.scryfall.io/sets/y26.svg?1787544000
msh,"Marvel Super Heroes",https://scryfall.com/sets/msh,2026-06-26,https://svgs.scryfall.io/sets/msh.svg?1787544000,https://svgs.scryfall.io/sets/msh.svg?1787544000
msc,"Marvel Super Heroes Commander",https://scryfall.com/sets/msc,2026-06-26,https://svgs.scryfall.io/sets/msc.svg?1787544000,https://svgs.scryfall.io/sets/msc.svg?1787544000
hob,"The Hobbit",https://scryfall.com/sets/hob,2026-08-14,https://svgs.scryfall.io/sets/hob.svg?1787544000,https://svgs.scryfall.io/sets/hob.svg?1787544000
slz,"The Zeta Set",https://scryfall.com/sets/slz,2026-09-02,https://svgs.scryfall.io/sets/blank.svg?1787544000,https://svgs.scryfall.io/sets/blank.svg?1787544000
frc,"Reality Fracture Commander",https://scryfall.com/sets/frc,2026-10-02,https://svgs.scryfall.io/sets/frc.svg?1787544000,https://svgs.scryfall.io/sets/frc.svg?1787544000
fra,"Reality Fracture",https://scryfall.com/sets/fra,2026-10-02,https://svgs.scryfall.io/sets/fra.svg?1787544000,https://svgs.scryfall.io/sets/fra.svg?1787544000
mbc,"Mystery Booster Commander Edition",https://scryfall.com/sets/mbc,2026-11-09,https://svgs.scryfall.io/sets/mbc.svg?1787544000,https://svgs.scryfall.io/sets/mbc.svg?1787544000
trc,"Star Trek Commander",https://scryfall.com/sets/trc,2026-11-13,https://svgs.scryfall.io/sets/trc.svg?1787544000,https://svgs.scryfall.io/sets/trc.svg?1787544000
trk,"Star Trek",https://scryfall.com/sets/trk,2026-11-13,https://svgs.scryfall.io/sets/trk.svg?1787544000,https://svgs.scryfall.io/sets/trk.svg?1787544000
